name,email,phone
Jennifer Garcia,jennifer.garcia@yahoo.com,+1 837-323-4387
David Rodriguez,david.rodriguez@hotmail.com,+44 812286112
Michael Miller,michael.miller@qq.com,+33 410961193
David Wilson,david.wilson@outlook.com,+44 577423100
Michael Miller,michael.miller@qq.com,+33 410961193
陈小红,chen261@163.com,+1 570-562-9685
Patricia Wilson,patricia.wilson@outlook.com,+44 688384613
胡建国,hu410@qq.com,+61 268129391
杨秀兰,yang232@163.com,+86 17190933275
Michael Miller,michael.miller@qq.com,+33 410961193
